object_id,class,auxiliary_band,target_band,effective_aux_support_object,delta_nlpd_object,delta_sharp_object,delta_std_error_object,delta_squared_error_object,rmse_mogp_object,rmse_model_d_object,delta_rmse_object,n_test_points
21846282,SNIa,z,i,2.6,-6.9627316134912576e-06,-6.001181348218503e-06,-9.615502653409491e-07,-0.0009077338865955298,4.399066113161287,4.398962938475085,-0.00010317468620169024,5
114421739,AGN,z,i,2.2,0.20769738381025427,-0.02144194522523142,0.229139329035486,25.82017185578769,8.597416108521523,9.986778038929927,1.3893619304084037,5
30652072,SNII,z,i,3.2,0.021550816884508616,0.03396575288759288,-0.012414936003084399,0.36126259602272554,4.436443436065921,4.476973638233212,0.04053020216729131,5
107732897,TDE,z,i,3.8,0.16030233128714116,0.1604918378934878,-0.0001895066063465959,251799.23656545364,670.6450724474481,837.5942035159368,166.94913106848867,5
121186562,AGN,z,i,3.8,-0.17031233446495825,0.0001886401238738983,-0.17050097458883223,-230.85877853709385,19.79390083401784,12.68620241403385,-7.10769841998399,5
10905347,SNII,z,i,3.4,0.006979858077315626,0.05158740967907739,-0.0446075516017619,-4.030331623806745,7.629606640581912,7.360744926038728,-0.26886171454318397,5
16775731,SNIa,z,i,2.6,0.09973606107648854,0.23521375948445017,-0.13547769840796123,-15.355111035455417,5.573888531055061,3.9639780929227815,-1.60991043813228,5
31971611,SNII,z,i,2.6,0.2750327224744569,0.5804197899064288,-0.30538706743197197,-63.30162065697398,9.954481658792199,5.982481461589021,-3.9720001972031778,5
50875482,SNIbc,z,i,2.2,0.08606768372129228,0.01411409860679358,0.07195358511449881,9.12597340191818,6.904203946787246,7.536179770994769,0.6319758242075233,5
52437992,AGN,z,i,3.6,0.08273615504935475,-0.03327155551175017,0.11600771056110484,13.72723540594166,7.175991893994864,8.076019754100509,0.9000278601056451,5
100164081,SLSN-I,z,i,3.6,0.038363025739829214,0.040611687860656207,-0.0022486621208270053,1.9139465888274039,5.033105204249802,5.219779170221078,0.18667396597127617,5
6777396,AGN,z,i,3.8,0.21534173637896464,0.020080309992215963,0.19526142638674854,23.739334911615828,6.889714132689878,8.438453397501373,1.5487392648114948,5
56002762,SNII,z,i,2.4,-0.2679854576225448,-0.16792661812338394,-0.10005883949916053,-2283.722130421321,52.83990860897604,22.546259365660177,-30.293649243315862,5
93866109,SNIbc,z,i,1.6,0.12220870066630427,0.1290497567186372,-0.0068410560523331455,3.033928970698411,10.370396318297985,10.51565731513094,0.14526099683295435,5
31725628,SNII,z,i,4.4,0.03438490726002552,0.007165837072248453,0.027219070187777132,1.8044838464514985,3.5311393479204223,3.778019182175147,0.2468798342547247,5
41660164,SNIbc,z,i,1.75,0.32095771362398273,0.18194009888219748,0.13901761474178514,224.45399402123513,6.004639618158565,16.14031260432073,10.135672986162165,4
43441391,TDE,z,i,2.4,-0.0008889626703215469,0.0456591203969734,-0.046548083067295076,0.5168440236044383,7.746923547910174,7.780210053769088,0.03328650585891424,5
46741316,SNIa,z,i,2.8,0.00668465122407298,-0.0014441373796273273,0.008128788603700346,-0.03994466494008808,16.183403728594392,16.182169557192964,-0.0012341714014283411,5
56383332,SNIax,z,i,2.4,-3.872915839409075e-06,3.9636999788960545e-06,-7.8366158181499e-06,-0.000366208230842302,4.394302729225078,4.3942610605019965,-4.166872308175584e-05,5
26794348,SNII,z,i,3.0,-0.020705590995873456,0.0063129372143558415,-0.027018528210229358,-8.333733731229533,8.201237236731325,7.6763636236123505,-0.5248736131189746,5
97960909,SNIa,z,i,4.0,0.0016980096169489183,0.0025734282399510686,-0.0008754186230020543,-0.860645299058573,4.236957597854764,4.1341461496856455,-0.10281144816911869,6
114809828,SNII,z,i,2.2,0.0055580120562576775,0.016656126773653922,-0.011098114717396112,-1.738972024076118,4.631130708229817,4.439414332165121,-0.19171637606469538,5
9858227,M-dwarf,z,i,2.6,-4.3058828875786047e-07,-5.680947028350647e-06,5.250358739812881e-06,1.0357897472697615,28.832497759725666,28.85045436057906,0.017956600853395344,5
19370388,SNII,z,i,3.5,1.3294960845566806e-06,-5.027808754396942e-07,1.8322769596789236e-06,0.0049442597912579,5.980536783733648,5.980950131992613,0.0004133482589656623,6
39985847,SNIa,z,i,2.0,-0.5564757324275234,0.22842638933813034,-0.784902121765654,-733.676131313102,45.57121520013438,36.647776515142866,-8.923438684991517,5
76782555,TDE,z,i,2.8333333333333335,0.05311158982851505,0.1721387736067326,-0.11902718377821758,-2.7717890876009346,5.966457270694192,5.729469720263705,-0.23698755043048703,6
92321294,SNIa,z,i,3.4,0.00034585458224780654,0.02174438463859014,-0.02139853005634214,-2.1668763205361383,3.0383704690839366,2.6579726836190773,-0.38039778546485925,5
94621519,SNII,z,i,2.8,-0.034886672506609616,0.22772441841207564,-0.2626110909186853,-12.192981827149799,9.842652336565047,9.202435720576354,-0.6402166159886935,5
106260667,TDE,z,i,4.2,-0.07353973831045871,0.06033414902112035,-0.13387388733157943,-9.42710999618369,6.099642068407689,5.270533499229953,-0.8291085691777358,5
3219576,SNIbc,z,i,4.0,0.06007656312733776,0.03813595075234527,0.021940612374992563,1.3185230421580374,2.928082031224489,3.1451847996163544,0.21710276839186538,5
26109323,SNIbc,z,i,4.0,-0.10378313450239667,0.3601886710804522,-0.4639718055828488,3.626005399338986,12.261897256972185,12.408873024569193,0.1469757675970076,6
50150449,SNIbc,z,i,4.0,0.038257517025169815,0.053675102089744686,-0.015417585064574779,7.173385140376259,4.916616399451872,5.5987946881213055,0.6821782886694336,5
74893050,TDE,z,i,3.2,0.3710885257909015,0.541129965865214,-0.17004144007431235,3384.068313970131,25.37954677665702,63.46802114891131,38.088474372254296,5
79883325,SNIa,z,i,2.8,-0.006226762257734819,0.048806893443515104,-0.055033655701249976,-5.28800743680833,4.852674429822453,4.273223804698782,-0.5794506251236706,5
111941650,SNII,z,i,3.4,0.3094563858046403,0.3214194303505608,-0.01196304454592037,-0.14808666347050767,6.380310222918915,6.3686946760865455,-0.011615546832369539,5
7358574,SNIa,z,i,3.6,-0.01439677561664272,0.0036354284970947287,-0.018032204113737498,-2.132893808446758,4.437614597126221,4.190409228724679,-0.24720536840154228,5
24400626,SNIa,z,i,3.4,-1.8454263375427247,0.23144242185873107,-2.0768687594014565,-6446.739481593519,232.35001115540655,218.0362084662179,-14.313802689188662,5
36008055,SNII,z,i,3.4,0.05088107848531429,0.05944097964830021,-0.008559901162985776,87.0171497032077,37.30996358982955,38.45842603094431,1.1484624411147593,5
59907038,SNII,z,i,2.2,-0.011022979725753413,0.030098496035584354,-0.041121475761337456,-1.3512545752990903,3.7494656838539,3.564721355042902,-0.18474432881099778,5
4288146,SNIa,z,i,4.8,0.31797687322885404,0.33575162487129584,-0.01777475164244192,-15.689684362471349,5.808793651244491,4.248811518562214,-1.5599821326822765,5
4831627,SNIa,z,i,5.0,0.33460736489268483,0.3446162330445351,-0.010008868151850177,-6.056796117907193,4.70649606358685,4.011771314351221,-0.694724749235629,6
26385586,TDE,z,i,3.1666666666666665,0.13223678910042294,0.15595872434118982,-0.02372193524076691,-14.337186068227645,7.918519711550356,6.954550190629433,-0.9639695209209229,6
54013347,SNII,z,i,4.166666666666667,0.16123134937068126,0.06207803803148546,0.09915331133919564,28.497186148259967,6.4306989714192335,8.357695580079017,1.9269966086597838,6
56927863,SNII,z,i,4.5,0.016127274928930884,0.00451810470727471,0.011609170221655888,10.891657770968024,21.259964291080575,21.51459363848151,0.254629347400936,6
118689867,M-dwarf,z,i,2.8,8.459633577828641e-06,-4.91546798827971e-07,8.95118037653464e-06,0.0010134319823361438,9.526760858285915,9.526814046833858,5.318854794289507e-05,5
25842167,SNIa,z,i,3.6,0.19845639090493278,0.19845472463454228,1.6662703905351296e-06,4.396985875964089,7.569206422582771,7.854290021614452,0.28508359903168135,5
31730775,TDE,z,i,3.8,0.001431465358852524,0.057168828320518436,-0.05573736296166602,-18.652313259876216,6.099259320809896,4.306814484350374,-1.7924448364595218,5
85439795,M-dwarf,z,i,3.0,-3.230085886514189e-05,-3.6065249942338094e-06,-2.8694333871107427e-05,-0.14106123066080603,106.31842844897092,106.31776505659009,-0.0006633923808294639,5
95373927,SNII,z,i,3.4,-0.02616355347130339,0.027969226691075526,-0.054132780162378914,-4.876111333189332,5.497658112121624,5.034692978185201,-0.46296513393642336,5
130375489,SNIa,z,i,3.4,0.1315097439541666,0.07056751594453678,0.06094222800962958,8.081644410638157,5.026739714309593,5.774924810424413,0.7481850961148204,5
22540174,TDE,z,i,2.6,0.0003707464539355776,0.0051217106260897675,-0.00475096417215415,0.69660154142605,4.972627978212306,5.042185096872768,0.06955711866046244,5
100826219,TDE,z,i,1.8333333333333333,-0.3859255875996184,0.1618675102597573,-0.5477930978593758,-468.00035862662435,32.614201354543845,24.406674729837846,-8.207526624705999,6
105385367,KN,z,i,4.333333333333333,3.767770834639528e-05,-4.387276417155181e-06,4.2064984763425856e-05,0.5627978360582052,10.675807035929893,10.702133138046284,0.02632610211639097,6
15406344,SNII,z,i,4.6,0.26798476932470905,0.15456911229010006,0.11341565703460901,54.275530627706715,9.7221027544178,12.19814791659639,2.4760451621785897,5
61099873,TDE,z,i,3.0,0.3104425937086419,0.2597152748715642,0.0507273188370778,28.575356658399414,4.887398336486483,7.243066971793803,2.35566863530732,5
106619084,SNIa,z,i,3.6,-0.08642517190928185,0.05967827692153475,-0.1461034488308165,-55.076566077133876,10.162478847543333,6.942579509781059,-3.219899337762274,5
38941537,SNIa-91bg,z,i,2.8333333333333335,0.1343601706400941,0.24361953251790158,-0.10925936187780745,-45.46460446546828,8.387648791484533,4.9887922169422625,-3.398856574542271,6
60299807,TDE,z,i,4.0,-0.12593169454966527,-0.13368901006462064,0.007757315514955597,1.7601840048386823,2.6088326095989895,2.926805697299661,0.31797308770067145,5
105699563,SNIa,z,i,3.4,0.22985430054024175,0.14106476284003727,0.0887895377002047,146.90463351497937,8.57845276069715,14.84905671355901,6.27060395286186,5
7779381,SNIbc,z,i,2.1666666666666665,-0.020388849876931864,0.14051256324482825,-0.16090141312176026,-17.663429404036094,8.580294985802382,7.480510185766035,-1.099784800036347,6
14569980,SNIa-91bg,z,i,3.4,-1.0255083436661038e-06,6.479808355497683e-08,-1.0903064270138298e-06,-0.008748019686052367,4.884362197185354,4.883466602077594,-0.0008955951077593838,5
26677569,SNII,z,i,3.6666666666666665,-0.03345063012170494,-0.0449104730158315,0.01145984289412636,4.535008831212552,3.609092178095963,4.190531610810973,0.5814394327150105,6
76485976,SNIax,z,i,2.8333333333333335,0.013913772569387936,0.10439519070945875,-0.0904814181400709,-9.885771432042912,5.893124558723884,4.984289882479917,-0.9088346762439672,6
84724459,SNIbc,z,i,3.6,-0.0051278582825607264,0.0013288018156563843,-0.006456660098217254,5.142653000532205,9.52895908780934,9.795086232273631,0.2661271444642903,5
78480403,SNIa,z,i,2.2,0.09815390413941358,-0.04507686283203131,0.14323076697144482,5.957527744270085,5.467264370471138,5.987362310808765,0.5200979403376262,5
92798777,AGN,z,i,3.0,-0.13366216329835537,0.2731166675282626,-0.4067788308266179,-634.7147401344748,44.560431652944786,36.75482728788545,-7.805604365059338,5
107165985,SNIa,z,i,3.1666666666666665,0.04156823993560751,0.07918979086088176,-0.03762155092527436,-6.4029896580539,7.255751711473881,6.800216411299147,-0.4555353001747342,6
4532322,SNIa,z,i,4.166666666666667,0.02523062502104671,-0.02036612720554236,0.04559675222658895,1.4508291463425609,7.74771926459508,7.840789689139755,0.09307042454467496,6
30398950,SNIbc,z,i,5.0,0.5053838979939818,0.5449436754196253,-0.03955977742564409,-65.11952511634121,50.905508598402,50.261827270261854,-0.643681328140147,5
115190109,AGN,z,i,2.6,-0.06867215328709583,0.03972409659177058,-0.10839624987886638,-12.433975963147779,8.13378370081427,7.329697219427558,-0.8040864813867117,5
33037345,SNIa,z,i,2.6666666666666665,-0.030982120585888673,0.05025230321147539,-0.08123442379736419,25.672179767964064,11.245272315126003,12.334031344588979,1.0887590294629756,6
43128900,TDE,z,i,3.8333333333333335,0.07124334966539163,-0.01925652397936888,0.09049987364476042,3.347924188216666,5.3175966107524895,5.623589414502363,0.3059928037498736,6
64432366,SNIa,z,i,4.5,-0.0050291357053037595,-0.026817927430885697,0.021788791725582003,-1.312170250481792,6.522648960475103,6.4212755127860035,-0.10137344768909973,6
85083186,TDE,z,i,4.333333333333333,-0.031225702193505473,0.0303024864872319,-0.06152818868073733,-5.235077671009839,6.4059588555189775,5.983413004932232,-0.42254585058674543,6
108913976,SNIa,z,i,2.8,0.17253935140091664,0.1811898962999133,-0.008650544898996538,-17.04205949611782,5.6089151342186385,3.7970869738194137,-1.8118281603992248,5
109187160,SNIa,z,i,3.4,-0.07151113315252529,0.07526849751709928,-0.14677963066962477,-8.7170994533063,10.168730213665983,9.730671852704576,-0.4380583609614064,5
110721898,SNII,z,i,3.0,0.0722164330206179,0.29641145534923097,-0.22419502232861294,-23.175578635442502,9.385794192842711,8.05714304173368,-1.3286511511090318,5
22254809,SLSN-I,z,i,3.2,0.05827446655801181,0.11794182805389661,-0.05966736149588507,-6.7723869161794426,10.41755236088397,10.087269713633109,-0.3302826472508613,5
33266451,SNII,z,i,3.5,0.19328899348364614,0.3631356765664526,-0.16984668308280615,-42.98683792821749,12.268871480355296,10.370070851891903,-1.898800628463393,4
103854959,TDE,z,i,1.75,0.08881135638164361,0.45578577842965623,-0.36697442204801267,-378.26073074975733,19.646663037358337,2.780402444565357,-16.86626059279298,4
125554681,KN,z,i,2.4,-0.0009469986786442952,0.024115460977787752,-0.02506245965643198,-5.015757709047003,8.299235861622455,7.9913427018113286,-0.3078931598111261,5
10777360,SNII,z,i,3.2,0.06492111413234962,0.04786010071473625,0.017061013417613062,48.15509875414937,11.668238926392307,13.575820358178214,1.907581431785907,5
27655935,SNIa,z,i,1.0,19.838982089524603,-0.2833217743240672,20.12230386384867,56489.819543636775,119.2135563634117,265.8978968785746,146.68434051516292,5
92053866,EB,z,i,3.2,-0.2548005810336053,0.10783097832507715,-0.36263155935868235,-0.08668591647005996,36.57823062224575,36.57704566442903,-0.0011849578167186792,5
4766293,SNIa,z,i,3.75,0.024457117535193418,-0.0068184260816005725,0.031275543616794174,3.0164820680224924,5.753774774499786,6.0101918624693305,0.25641708796954443,4
31151787,SNII,z,i,2.8,-0.21470176210801792,-0.004296991623645129,-0.21040477048437287,-33.37118000538355,7.640745968953294,5.000981799276263,-2.639764169677031,5
78466781,SNII,z,i,4.0,2.4412798443140817e-05,-1.270367271892608e-06,2.56831657147645e-05,0.003221191615424668,6.348973932041491,6.349227605099523,0.0002536730580322555,5
82866974,SNIa-91bg,z,i,3.4,0.09429104176452965,0.03503583624929216,0.05925520551523724,50.25830298691426,3.9672221350912675,8.123863271625906,4.156641136534638,5
98363779,TDE,z,i,3.0,0.021081047347830405,0.03963621685004728,-0.018555169502216688,-1.110060109571215,5.5556109190316585,5.454791707672491,-0.10081921135916705,5
110339223,SNIa,z,i,4.0,0.5194100385783678,0.5109113955214009,0.008498643056967032,50.85616005503119,7.001193470153715,9.99364148153986,2.992448011386146,5
21400791,SNIa,z,i,3.0,0.02552262220007695,0.015770626002848592,0.009751996197228385,1.4731572643842874,6.59884059443605,6.709534593037091,0.11069399860104134,4
77398475,SNIa-91bg,z,i,4.6,0.007372012005907802,0.066165644830281,-0.05879363282437343,-7.271700875296442,7.5166324494578864,7.01627126791338,-0.5003611815445064,5
82359069,SNIa,z,i,3.6,0.20547430257782845,0.2454638150314031,-0.039989512453574586,-2.2125411752461206,5.069798196095109,4.846680572709851,-0.22311762338525742,5
93756669,SNII,z,i,2.2,-0.049391728098073795,-0.07821324568938832,0.028821517591314204,4.370811999708529,8.220773706362218,8.482448486782866,0.2616747804206483,5
97411149,SNIa,z,i,3.0,0.9268679597756497,0.0033037524596467418,0.923564207316003,1077.6682709334254,10.60702346392749,34.498945167899464,23.891921703971974,5
102540572,SNIax,z,i,2.25,0.07987590000507971,0.08094594571960204,-0.0010700457145223817,6.023520929198176,4.870233964603519,5.453686807947069,0.58345284334355,4
106262435,SNII,z,i,2.8,-0.01705832691167757,0.08663300658626151,-0.10369133349793902,-11.194538243987278,6.500636222658699,5.573484821487816,-0.9271514011708826,5
115557873,M-dwarf,z,i,3.4,-0.0025359705297830714,0.00019286667478063548,-0.0027288372045639543,-50.79046408663312,681.4557522863655,681.4184851176917,-0.037267168673793094,5
129722950,SNIa,z,i,2.6,-0.06313944715381732,0.12040185119853386,-0.18354129835235106,-16.901662664270557,5.165005737329802,3.126599047268329,-2.0384066900614735,5
21142086,SNIa,z,i,4.5,-0.07719435742743053,-0.002257980841057904,-0.07493637658637266,-7.175227962914293,5.6498811201367625,4.97452798853957,-0.6753531315971921,6
24915102,TDE,z,i,3.8,-0.07569613365493781,0.0642681102352134,-0.13996424389015139,-9.862975749443512,6.417096215466016,5.596083281108739,-0.8210129343572765,5
70025523,AGN,z,i,3.1666666666666665,-0.31714393815216263,0.11003362386994608,-0.4271775620221088,-170.99801409198122,55.276589358523566,53.70757225027826,-1.5690171082453048,6
71829905,TDE,z,i,3.6666666666666665,0.011123686687996978,0.002070843200624007,0.009052843487372973,0.3465101114656082,2.2578039866315187,2.3332785846346744,0.0754745980031557,6
53627887,SNII,z,i,2.5,0.31799390926170235,0.49851580348140745,-0.180521894219705,-57.99244679299543,10.557435658190192,7.312113298071245,-3.245322360118947,4
83557064,AGN,z,i,2.6,0.437589674784571,0.2770386968332709,0.1605509779513002,726.193245489401,20.744465308336448,34.007735684961084,13.263270376624636,5
87833938,SNIbc,z,i,3.6,0.04045009088920386,0.3308543410436626,-0.2904042501544591,-34.185039663090265,13.965323588330094,12.682477016091084,-1.2828465722390092,5
106341515,SLSN-I,z,i,3.0,-0.3460829502423022,0.29359525536376285,-0.6396782056060653,-198.67256786176546,18.450671789784884,11.906079188070198,-6.544592601714687,5
121257780,KN,z,i,2.6,-8.93081618275282e-05,1.603142090161824e-06,-9.091130391819536e-05,-0.013605030610722846,74.14841755994364,74.14832581800582,-9.174193782257589e-05,5
125545259,SNII,z,i,2.4,-0.43715136862816595,0.3353271461394444,-0.7724785147676105,-489.08085919340755,23.681065320267212,8.468293541756502,-15.21277177851071,5
4413277,RRL,z,i,2.8,-1.6049639580018038e-06,-1.038308801064228e-06,-5.666551570742513e-07,8.161391194171381,694.4568553672057,694.4627314389895,0.0058760717838595156,5
42821845,TDE,z,i,3.0,0.2201723360784497,0.29800940754743344,-0.07783707146898355,98.5084084410484,10.80649556854462,14.672721455613575,3.866225887068955,5
45131816,SNII,z,i,3.0,0.1139738464933917,0.13663901359675623,-0.02266516710336481,3.493769741842719,7.577877215875363,7.804997939828406,0.2271207239530435,4
51832424,SNIa,z,i,2.0,0.15234672343855457,0.1939383697987654,-0.041591646360210746,-0.44982117099634805,3.35029182498888,3.282473783839099,-0.06781804114978085,5
63777094,TDE,z,i,4.5,0.2089568363443511,0.40894980351893273,-0.19999296717458223,-401.32211440114247,21.286786614732563,7.197580842200726,-14.089205772531837,6
41464750,SNII,z,i,3.2,0.1309197323501226,0.1864535774669511,-0.055533845116828205,37.694301279948164,7.296742784315803,9.536076580041337,2.2393337957255346,5
61115846,SNIa,z,i,4.2,-0.010174780749184365,-0.005125770306018316,-0.005049010443165797,3.200619887044583,8.36436889924723,8.553554054879111,0.18918515563188087,5
62522166,SNIbc,z,i,3.0,0.45641006161372166,0.5958003797512025,-0.1393903181374809,-26.2601234810609,14.488765848656103,13.55227701665379,-0.936488832002313,4
45854551,SNIbc,z,i,3.4,0.34591309431313333,0.3751582332909956,-0.029245138977862174,9.696060355003562,5.343892883874847,6.184921301789683,0.8410284179148357,5
4830587,SNIa,z,i,3.8,0.03799230353665628,0.1296236824318166,-0.09163137889516015,-14.817615304428012,4.362363860150173,2.052462702198583,-2.3099011579515896,5
7160570,TDE,z,i,3.8,-0.16265309101194045,-0.009846399949408079,-0.152806691062532,-66.59269699397086,11.892817759589686,8.651382390626425,-3.241435368963261,5
46815704,SNIa,z,i,3.8,-0.02476436272745568,0.0159627898663181,-0.04072715259377373,-2.0357026275531753,5.607516283782395,5.422963787942121,-0.18455249584027467,5
57078294,SNIa,z,i,5.166666666666667,0.9362388983771064,0.3576842762588431,0.5785546221182634,1460.5831750337293,10.332646556882025,39.58973048535661,29.257083928474586,6
58556668,AGN,z,i,4.0,-0.043671900247611986,0.08521716659741299,-0.12888906684502466,-1.9218463638217202,10.437272313027925,10.344796130058707,-0.092476182969218,5
114244753,AGN,z,i,2.8,0.08620138628219953,0.05630579580816523,0.029895590474034266,10.708248373126988,4.853229505167141,5.853382355779595,1.0001528506124542,5
122452449,SNII,z,i,3.6,0.2401111180503291,0.36957483400899893,-0.12946371595866973,-15.472544897410177,10.302780510552125,9.522328567698269,-0.7804519428538566,5
16829513,SNIbc,z,i,2.8,-0.05288023269725537,-0.011843753151654948,-0.04103647954560052,-2.8463408293337786,6.4607738932383105,6.236606326377828,-0.22416756686048256,5
41941000,SNIa,z,i,2.8,-0.06013577537541135,-0.03160883380629728,-0.028526941569114016,-1.113467663713024,4.968773541201003,4.8554343616226685,-0.11333917957833428,5
23783540,SNIa-91bg,z,i,3.2,0.27025832426539254,0.3021491038924061,-0.03189077962701381,21.664412728845555,3.4970640361542413,5.821844175328721,2.3247801391744796,5
48229629,SNIa,z,i,3.6666666666666665,0.2151646773111385,0.1674291912311281,0.047735486080010305,9.362305802705537,13.127604792296678,13.479477489333044,0.3518726970363666,6
111353970,SNIa-91bg,z,i,3.8,0.22639243045823926,0.31604613397249726,-0.08965370351425792,29.839246034717256,6.611090028391134,8.575882310188844,1.9647922817977097,5
121274615,SNIa,z,i,3.4,0.02602920957171495,0.023412984517531016,0.002616225054183899,3.110474755602437,5.905458364697157,6.163190184699322,0.25773182000216455,5
121456044,SNII,z,i,2.4,0.07416064753446569,0.17942227292534088,-0.10526162539087566,-29.622300777608633,13.173349150428193,11.996450602635706,-1.1768985477924865,5
54793588,SNIa,z,i,3.4,0.03431435792484825,0.0088432682523639,0.025471089672484282,-1.8483276963608208,4.850339393300904,4.655906413776565,-0.1944329795243389,5
61063886,AGN,z,i,3.8,0.2617443796959071,0.1859011811387587,0.07584319855714841,377.62955611273475,6.711526202299763,20.559040349123574,13.847514146823812,5
89285651,SNIa,z,i,2.6,-0.047227350704182845,0.00029132469187904687,-0.04751867539606204,-218.02580904723095,16.779205868979602,7.96968886132756,-8.809517007652042,5
120060791,TDE,z,i,5.833333333333333,-0.35075536782103667,0.21292165002547933,-0.563677017846516,-440.20309719835655,22.6753980367349,8.600615031845372,-14.074783004889529,6
129073978,SNIa,z,i,3.6,0.00791266325529314,0.0022647089499479634,0.005647954305344973,0.7263033622639693,7.103735136795278,7.154673735119149,0.05093859832387171,5
20051340,M-dwarf,z,i,4.6,-0.02257496544174096,0.17684975841949352,-0.19942472386123447,284.30109534721635,35.982274792323246,39.73694999087722,3.7546751985539757,5
101806291,TDE,z,i,5.333333333333333,0.20264716105387892,0.23327957771797844,-0.0306324166640992,24.058822590441636,5.826998726065398,7.616609268172381,1.789610542106983,6
120797603,SNII,z,i,3.2,0.06793225203294799,0.06556998469835844,0.002362267334589633,-0.8133314727204363,6.284672904466434,6.219628770546851,-0.06504413391958241,5
127249666,SNIa,z,i,4.5,0.12615181831842462,-0.01924152762691746,0.14539334594534212,13.386961659616349,6.956393903118803,7.859922251203558,0.9035283480847545,6
8667146,SNIa-91bg,z,i,2.6,0.33214105099544244,0.34210623553567865,-0.009965184540236423,28.026483259683026,6.860550725554622,8.665658631494265,1.8051079059396438,5
19347158,SNII,z,i,2.2,0.31896404757136987,0.3653669373689087,-0.04640288979753873,5217.627650450644,214.72106064437094,226.54527480107427,11.824214156703334,5
27613436,SNIa,z,i,3.4,0.06080261776067282,0.017419171792275118,0.0433834459683978,34.96308392401188,15.6433807203282,16.723589455770192,1.0802087354419925,5
67410269,EB,z,i,3.0,0.02022000766661467,0.026205402858697636,-0.005985395192083689,-58270.57671049875,823.9920986599934,787.840340388585,-36.151758271408426,5
75954855,SNII,z,i,3.8,0.4879206928134282,0.5121423483962348,-0.02422165558280643,5.519563223589145,7.8886077169523805,8.231020285210686,0.3424125682583057,5
7532482,SNIa,z,i,2.4,-0.029829795052739527,0.15255726936860567,-0.18238706442134522,-29.619836971618163,9.09304007917234,7.284472589681174,-1.8085674894911659,5
17984784,SNII,z,i,3.4,0.2704685828830261,0.2783372541618853,-0.007868671278858971,11.844455383932797,5.683862980525066,6.644603356507902,0.9607403759828363,5
28381358,M-dwarf,z,i,2.6,1.3871664150943985e-05,-3.0110542364663375e-05,4.3982206515666615e-05,0.013016307323184118,5.701070098351341,5.7022115511123355,0.0011414527609945324,5
53641640,SNII,z,i,3.4,0.10742402188713145,0.05609008949986298,0.05133393238726865,16.505679351616795,6.080549728478526,7.312917636081858,1.232367907603332,5
94181978,TDE,z,i,1.8,0.09328429622353421,0.13645560978720717,-0.04317131356367292,-18.457272385275022,5.933908089128189,4.093164158074523,-1.840743931053666,5
100122518,EB,z,i,3.4,0.01402769134850299,0.09004795296424435,-0.07602026161574209,-6092.351832161576,395.666039975672,387.89078792601987,-7.775252049652124,5
127540625,EB,z,i,4.0,5.050905729664379e-06,3.4713172323153247e-10,5.050558597878563e-06,0.0006523123429547084,5.052073181119503,5.052137739584096,6.455846459285652e-05,5
7484291,SNIbc,z,i,3.6,-1.0275095324008277e-05,-7.893639701618785e-06,-2.3814556223868033e-06,-0.0005903698800964346,6.371176935813722,6.371130604340538,-4.633147318422459e-05,5
14119494,TDE,z,i,3.4,0.013030953073612928,0.03896078433980644,-0.02592983126619337,-1.0604706777945023,5.300802438334074,5.19981113238298,-0.10099130595109429,5
21974297,SLSN-I,z,i,3.2,-0.17065734835197688,0.01600600247802854,-0.1866633508300056,-104.81589961065353,19.623861425351567,16.74156616421378,-2.882295261137788,5
38965969,SNII,z,i,2.8,0.0560991356412285,0.054895071338759885,0.0012040643024685313,14.450023287169483,8.032320135892634,8.886404787800055,0.8540846519074208,5
90198283,SNIbc,z,i,3.0,0.3334502124446887,0.3348533475304273,-0.001403135085738744,45.74126248372987,8.099640540891292,10.552034845250446,2.4523943043591547,5
103047716,SNIa,z,i,3.0,-0.22858209436933102,0.1499456139937791,-0.3785277083631103,-9.296884494067374,15.531209594846757,15.228971960870918,-0.3022376339758388,5
6460481,KN,z,i,1.8,1.0575282727742774e-06,-1.7087910715329007e-05,1.814543898812186e-05,-0.002568473348560696,6.615093272421353,6.614899132223083,-0.0001941401982703539,5
32195171,SNIbc,z,i,3.4,0.18498267872306542,0.048217849879432936,0.13676482884363214,19.47533043621758,6.9899600965395035,8.266490947641092,1.2765308511015885,5
63753371,SNII,z,i,3.6,0.02593229555812675,0.08475552233182447,-0.05882322677369761,-5.9474085945138295,7.829316761437105,7.439811311881919,-0.38950544955518573,5
69998442,SNIa,z,i,4.0,0.17133349351747426,0.19863799104059515,-0.027304497523120592,12.768606261580185,5.777026687218907,6.792837669664986,1.0158109824460793,5
73022626,SNIa,z,i,3.6,0.09748234192647916,0.02400328885858293,0.0734790530678964,7.79781910285944,2.9441023706797265,4.0577774547036745,1.113675084023948,5
71323295,SNIa,z,i,2.2,0.17607414154779555,0.1829234782194767,-0.00684933667168088,-199.52978035122595,18.096947670190303,11.31237086672729,-6.784576803463013,5
95416643,SNIa,z,i,2.8,-0.6134645179845204,0.48052378696926973,-1.0939883049537904,-1275.0986212630276,114.6093740106948,108.90459122488957,-5.704782785805222,5
112424999,SNIbc,z,i,3.0,0.3235894813516495,0.10060103971479095,0.22298844163685905,218.80406433659374,16.697738506032415,22.307365051758833,5.609626545726417,5
126463327,SNIa,z,i,3.25,0.25620693041582243,0.28956811064966387,-0.03336118023384172,7.525337294721055,4.404444199885111,5.188879070148258,0.784434870263147,4
21143135,SNII,z,i,2.75,0.16722282872308158,0.1862467062298667,-0.019023877506785337,-1.892020556625785,3.078171684055482,2.7537466041549967,-0.3244250799004851,4
21453534,SNIa,z,i,2.0,0.14564677063706544,-0.018788264632061204,0.1644350352691266,26.781525456416,7.529755692812317,9.136670413769751,1.6069147209574348,5
47350884,SNIbc,z,i,1.5,0.21401549113993745,0.39569819904298553,-0.18168270790304808,-413.44358739861536,21.941215278978753,8.24459462435087,-13.696620654627882,4
103989029,KN,z,i,2.25,0.0012947915860082038,-5.4172279407139924e-05,0.0013489638654151513,0.3603146279143144,4.17537595492359,4.218302856940026,0.04292690201643623,4
106793212,SNII,z,i,3.6,0.34394710325706124,0.4434596483753294,-0.09951254511826843,-16.018467918688806,7.805018625445745,6.7007348720021875,-1.104283753443558,5
78737520,SLSN-I,z,i,3.6,0.03992774212851389,0.02661315361205649,0.013314588516457249,0.9378187960984146,4.398505183649977,4.503850202514969,0.10534501886499203,5
95541281,KN,z,i,4.0,-0.15573189723344924,0.21919612291978074,-0.37492802015322974,-215.65574559594347,16.340211723033566,7.165666302418783,-9.174545420614782,5
100590632,SNIa,z,i,3.6666666666666665,0.1936708432163093,0.3042498314443493,-0.11057898822803998,-12.329261718760945,8.94264937275595,8.224458406806582,-0.7181909659493684,6
115713701,KN,z,i,3.5,0.17216632504384113,0.08500329386043078,0.08716303118341061,69.31718684156827,9.272141541930207,12.461532635079688,3.1893910931494815,6
116977094,SNII,z,i,2.0,3.02739064483859e-07,-5.8768712876785717e-08,3.615077773476243e-07,9.283613619407161e-05,3.0157970109560064,3.0158124025587827,1.539160277630458e-05,5
29390759,SNII,z,i,1.5,0.13454020644251674,0.025035763793782088,0.10950444264873449,79.4821344423774,10.589295073535775,13.842518000594634,3.253222927058859,6
50957767,AGN,z,i,4.0,0.3668385092157383,0.19476749997070622,0.17207100924503213,2600.0289199681333,39.29272362632386,64.37349648685243,25.08077286052857,6
14888486,SLSN-I,z,i,2.4,-0.5897889692147654,0.4774996723944539,-1.0672886416092187,807.7992776882576,68.78029208599715,74.42128631731207,5.64099423131492,5
16501517,TDE,z,i,2.2,-0.025343806550897695,0.058467332746972286,-0.08381113929787014,-11.195592086049073,9.379376146737597,8.762254550966956,-0.6171215957706409,5
23677355,SNIa,z,i,2.8,-0.0351896918408265,0.05588264897476738,-0.09107234081559365,-90.28160492372676,14.881927859185394,11.453827826638202,-3.428100032547192,5
68996599,EB,z,i,0.8,0.09275521388025272,0.09514163388334702,-0.0023864200030935317,-4734.330478925307,81.15269726715091,43.02824415205131,-38.124453115099605,5
71843921,SNIa,z,i,2.25,0.04152489985178287,0.0555414739471937,-0.014016574095411068,5.334356949807661,8.050481289319098,8.37523766465672,0.32475637533762125,4
76572933,SNIa,z,i,2.4,0.24872305362984104,0.24157288829483964,0.0071501653350016,209.91199373964682,10.742039027399482,18.036169111144982,7.2941300837455,5
105425239,SNIbc,z,i,2.0,0.06254879776195761,0.17502467639993596,-0.11247587863797785,-15.375247056174866,16.517955330796113,16.045796996534662,-0.4721583342614508,5
124539003,SNIa,z,i,3.8333333333333335,-0.15477141975597508,0.04289264211218496,-0.19766406186816007,-28.342213418192497,13.115398440837351,11.986303134983961,-1.1290953058533901,6
127035076,SNIa,z,i,4.4,0.01629054584276197,-0.042321780594465,0.05861232643722698,8.924843399244955,3.820920833517403,4.850183441402221,1.0292626078848177,5
102178865,SNIa,z,i,2.6,0.15020660090533217,0.1737203897284642,-0.023513788823131994,0.10453220089931818,4.458192865610383,4.46990109822115,0.0117082326107667,5
29865365,SNIa,z,i,2.8,3.124143075794272,0.011104100395043892,3.113038975399228,4296.384862368845,50.198262220501974,82.56058619176054,32.36232397125856,5
34161124,M-dwarf,z,i,1.75,-0.057860975996894326,0.03204805854447205,-0.08990903454136646,-26.85796678322671,17.86742584373508,17.099325703025414,-0.7681001407096666,4
48889152,SNIa,z,i,4.0,0.31893184734040514,0.3716094752680005,-0.05267762792759523,26.68536816899525,5.18836311741908,7.3215080418715575,2.133144924452478,5
87842606,M-dwarf,z,i,4.4,-0.20515782253374643,-0.43529735588711366,0.2301395333533674,145.63391261369557,11.486323488653486,16.660418359083558,5.174094870430071,5
13067683,SNII,z,i,0.6,0.15415707001852938,0.2648934964757784,-0.11073642645724871,1262.9280343019068,15.886302675267586,38.926888483310876,23.04058580804329,5
66542546,AGN,z,i,3.0,0.2564117208909259,0.25282134373963655,0.0035903771512893977,-30.281975290785248,41.517975745308625,41.151674749604666,-0.36630099570395913,5
78781060,TDE,z,i,1.6,0.4681003124921571,0.32139343601989945,0.14670687647225775,1738.1041965058696,13.43074749832816,43.800561353363015,30.369813855034856,5
92999561,SNIa,z,i,1.4,0.17621575184763955,0.26686604767016875,-0.09065029582252931,-90.44430222805845,11.167953911699387,5.854817874689458,-5.3131360370099285,5
21330509,SNIa,z,i,2.0,0.038273168986573736,0.12831524058435825,-0.09004207159778446,-14.652982006116204,4.916984836634397,3.086058631584368,-1.8309262050500288,4
35730106,SNII,z,i,2.25,0.09425667555043904,0.08920320165283285,0.005053473897606112,27.845138520934483,10.348896083314783,11.616573878049524,1.267677794734741,4
44307163,EB,z,i,4.6,0.026228306701799653,0.40911416651323096,-0.38288585981143197,-788163.4658849554,1031.7925206414664,525.7683327918443,-506.0241878496221,5
54991416,SNIa,z,i,3.2,0.08854079759812175,0.15039556255782216,-0.06185476495970023,204.0929134364418,15.485423740254559,21.068727105634103,5.583303365379544,5
79307105,SNII,z,i,3.4,0.12442614641532686,0.18910708512288968,-0.0646809387075628,21.677366460824654,5.795307497044616,7.4339058001918605,1.6385983031472442,5
28396939,TDE,z,i,2.4,-0.00020293822606971547,-0.002557990341698073,0.002355052115628259,-0.1445111252288056,4.098304635023534,4.08063594997478,-0.017668685048754185,5
33253530,TDE,z,i,2.0,0.050397826117698316,0.09566698800137967,-0.04526916188368105,-17.44575183876274,11.335562223797861,10.537989328654229,-0.7975728951436327,5
59183655,TDE,z,i,2.2,0.16742684697716922,0.1777142740044119,-0.010287427027242505,121.31374837784797,5.892785624339015,12.491543971513872,6.598758347174857,5
65406030,SNIa,z,i,3.2,-0.05271699508809693,-0.0011612475517416552,-0.051555747536355015,-2.6012879397041235,5.986659946269199,5.765310865214451,-0.2213490810547487,5
69562605,SNIa,z,i,3.2,-0.019374115441035667,0.053165782843103734,-0.07253989828413938,0.02404584649838739,5.820038204606693,5.822103618931896,0.002065414325203463,5
88444541,AGN,z,i,2.6,-0.07410247968726127,0.1563184107829177,-0.23042089047017908,-13.907625387615884,18.21237055056322,17.82646391417565,-0.3859066363875705,5
105636094,SNII,z,i,3.4,0.000899428843012462,0.00021153773693931917,0.0006878911060734011,0.4320314740362724,10.888172125586198,10.907993569416355,0.019821443830156937,5
115771765,TDE,z,i,4.0,0.07040723682408716,0.0223140336490833,0.048093203175003776,2.04361085031292,6.186052448988637,6.34908306387239,0.1630306148837537,5
4966507,AGN,z,i,3.6,0.08283455845201457,0.028888579630315474,0.05394597882169886,27.448571768149215,13.61377712670145,14.587100446067025,0.9733233193655746,5
20114810,SNII,z,i,3.8,-1.3086260741346807,0.3885624424442317,-1.6971885165789118,-189.9332332419523,49.41172235079981,47.450870091396396,-1.960852259403417,5
7713926,SNII,z,i,3.25,0.19554833511188197,0.08639285755615297,0.10915547755572895,25.37446424765099,2.061799276003924,5.442929404482599,3.381130128478675,4
16755032,SNII,z,i,3.2,0.08634420370368971,0.1348162110328761,-0.04847200732918637,1.5220330693374398,6.488233220400575,6.6044835825102215,0.11625036210964623,5
18269270,SNII,z,i,3.6666666666666665,0.005939173756950004,0.054289807580367,-0.04835063382341692,0.7995386399872145,11.326348048221746,11.361588742312572,0.03524069409082564,6
36593619,SNIa,z,i,4.0,0.5429200225890051,0.44805774413912963,0.09486227844987542,1107.2551834725996,32.07557323652751,46.21793571682361,14.1423624802961,5
77030468,SNIa,z,i,2.0,-0.008610046251067982,-0.004159196656196618,-0.004450849594870995,-25.34290806636068,7.949202965048621,6.151985022184069,-1.7972179428645525,4
128735416,SNII,z,i,3.25,0.06390401057634254,0.12464167927262722,-0.060737668696284594,-5.459469941183008,4.831979550469417,4.229486545075137,-0.6024930053942805,4
38976810,SNIa,z,i,4.666666666666667,0.259137018670363,0.3135750407701001,-0.05443802209973719,48.91248469467471,7.840309797888275,10.50632868425206,2.6660188863637844,6
49983452,SNIa,z,i,3.8,0.24228985801194175,0.18559725970398505,0.05669259830795681,80.27231839546437,8.17898474932346,12.13128640850302,3.9523016591795592,5
76798495,SNIa,z,i,3.5,0.20937466553439657,0.21874966771791704,-0.009375002183520654,-17.429526097316742,9.525922659668407,8.562340592423736,-0.9635820672446709,6
83377667,SNIa,z,i,3.2,0.28559804391493915,0.020869871867893644,0.2647281720470458,350.0332416298338,26.119277590122756,32.128646150432836,6.0093685603100795,5
20546536,AGN,z,i,4.5,0.12930910213799543,0.0014758705001695963,0.12783323163782556,153.32891621682944,46.71311638404222,48.32643333131365,1.6133169472714286,6
14329136,SNII,z,i,4.0,0.0040230831482165105,-0.023637604442511385,0.027660687590727838,0.8560008657537355,2.497637946621155,2.663493228479411,0.16585528185825593,5
29725628,SLSN-I,z,i,3.8,0.1372177893025121,0.07826397797485656,0.05895381132765569,28.187024458991935,5.781397006698773,7.849304160755747,2.0679071540569742,5
43776050,SNII,z,i,3.4,-0.027937005233657164,-0.06865912605054922,0.040722120816891895,-124.43995906344962,15.173882469759388,10.286240816868991,-4.887641652890396,5
61803685,SNII,z,i,3.4,0.2595443032425628,-0.07156631961273724,0.3311106228553001,50.61203879807922,8.456207838071437,11.050768742433263,2.594560904361826,5
90813331,SNIa,z,i,2.2,-0.0020928387218319246,-0.0019633327999198005,-0.00012950592191205424,-0.03121083621444356,5.692188059966442,5.689445849448791,-0.0027422105176508893,5
129335528,TDE,z,i,3.4,0.24438020953885858,0.0736852460102487,0.17069496352861024,24.710305431757455,5.579096920448387,7.4723910416622426,1.8932941212138559,5
42198183,SLSN-I,z,i,3.4,-0.09625769794522351,0.022477646057896726,-0.11873534400312011,-64.89748157279078,15.61296738000778,13.37412684388765,-2.2388405361201293,5
129832862,SNIa,z,i,4.2,0.20165357297137926,0.22118813237112386,-0.019534559399744456,-2.4927289501753895,6.081094753144297,5.872562000229858,-0.20853275291443918,5
1228479,SNIa,z,i,3.8,0.02385281537665458,0.020701513247802984,0.003151302128851414,9.863722863328523,5.600713589197044,6.421192690734717,0.8204791015376731,5
3100669,M-dwarf,z,i,2.2,-1.75480721681609e-05,3.698930409390954e-06,-2.1247002577678974e-05,-0.003952018298912919,8.148673459752489,8.148430961564054,-0.00024249818843458115,5
90105327,SLSN-I,z,i,2.25,0.04923275422107165,0.22623255101765222,-0.17699979679658046,-9.28141519077425,8.751669403647723,8.204285597172337,-0.547383806475386,4
91449873,SNIa,z,i,3.6,0.051199171573117305,0.06925890137164235,-0.018059729798525194,8.475771662875285,10.381719965436835,10.782202052624738,0.40048208718790335,5
63677512,SNII,z,i,3.75,-0.04486156923264073,-0.00033516014846692466,-0.04452640908417377,-3.2578538812026183,5.411747378723619,5.101877674927079,-0.3098697037965401,4
126386017,SNII,z,i,2.5,0.19022647383314895,0.17688635653956106,0.013340117293588288,15.157205159965692,3.1866245249888365,5.031081496380875,1.844456971392039,4
127570499,SNIa,z,i,3.2,-0.01616838766307218,0.004860442688871981,-0.02102883035194417,-3.6477493926170297,8.211103484877793,7.985892000694426,-0.225211484183367,5
36033639,SNIa,z,i,2.25,-0.44907566858105286,-0.4186894331291289,-0.030386235451923704,-29.564390880678403,8.041672966175343,5.924872421768836,-2.116800544406506,4
126309844,EB,z,i,2.5,-5.042281217115807e-05,-2.497009831731238e-05,-2.545271385351669e-05,-35.859777280214985,348.29798418044174,348.24650178699426,-0.051482393447486174,4
48625068,EB,z,i,3.0,0.21440284037289659,0.234634822457593,-0.020231982084695864,-1773.5896695847039,133.27186780118808,126.44287673741313,-6.82899106377495,4
97766291,SNIbc,z,i,3.5,0.02739289721625715,-0.0019390789394764653,0.029331976155733634,4.791953076366093,6.96376700598695,7.299726295556468,0.3359592895695176,4
9810940,SNIax,z,i,1.8,0.05136758425989676,0.1856235768560967,-0.13425599259619989,-41.47425459505246,14.662356322845355,13.17233610044288,-1.4900202224024746,5
36346404,SNIa,z,i,3.0,0.08028249879251445,0.10726211721501659,-0.0269796184225022,4.850423950704062,4.572020223850445,5.074819492159454,0.5027992683090092,5
1170601,SNIa,z,i,2.8,0.15276768011280034,0.06827938474076935,0.08448829537203133,37.29904764959424,5.260455244079968,8.060486153115251,2.800030909035283,5
7044535,SNIa,z,i,3.6,-8.975596428761889e-07,4.472576226917573e-06,-5.370135869542554e-06,0.00019804294343881424,7.963721673483567,7.963734107543731,1.2434060163712957e-05,5
94870591,SNIa,z,i,2.8,-0.0009258828627600301,-0.0007413915797321714,-0.0001844912830276449,-3.491402224032977,6.246574493908587,5.9605612725578405,-0.28601322135074625,5
116089188,SNIax,z,i,4.2,0.0283646848082058,0.1235831688866678,-0.09521848407846209,3.1188834752935257,8.071918757990094,8.262853980973272,0.19093522298317822,5
2779844,AGN,z,i,2.4,-0.042155070891132684,0.3704781998020126,-0.41263327069314554,-1.131063868614092,29.715456288882198,29.696418615514133,-0.01903767336806439,5
89274370,M-dwarf,z,i,3.8,0.1454235664636947,0.16182488476376217,-0.01640131830006742,1750.2886575177029,43.4429420707199,60.31233599586098,16.869393925141075,5
121429195,M-dwarf,z,i,1.5,0.0026877048532449876,0.0007119241835335583,0.0019757806697114806,0.5927801213005193,8.844726711935186,8.87817383982316,0.03344712788797466,4
129773611,SNIa,z,i,2.2,-0.0027619114843314917,-0.009571070888356703,0.006809159404025428,-0.7296467189610472,6.513714110678617,6.457462721277815,-0.05625138940080188,5
18453509,SNIa,z,i,3.8,0.12149250048809428,0.1379584278561917,-0.016465927368097148,-5.647920969940894,11.533643419585523,11.286142368418341,-0.24750105116718224,5
20432463,TDE,z,i,1.8,-0.04528072608490943,0.20351983445495075,-0.24880056053986008,-219.58180439030167,16.692144392414786,7.684131702861598,-9.008012689553187,5
40757084,TDE,z,i,3.4,0.002340134793549442,0.0003117661042359991,0.0020283686893134987,0.07180690388651542,2.798433749583053,2.811234311595528,0.012800562012474703,5
117909248,SNIa,z,i,2.0,-0.21886136255601327,0.18398411534642395,-0.40284547790243697,-349.53827373767456,20.230744893654062,7.729473799323946,-12.501271094330116,5
130231675,SNII,z,i,2.6,0.03174456522278497,0.05541547113139626,-0.023670905908611428,-3.3429182465641447,4.606174878411393,4.227756942392037,-0.378417936019356,5
21920642,SNIa,z,i,3.4,0.24214765168829294,0.2569534253003565,-0.014805773612063408,98.58782271310847,20.745064786119745,22.998815962858043,2.253751176738298,5
40882197,SNIbc,z,i,1.8,-0.6192167295721223,-0.11214145104990933,-0.5070752785222133,-48.39702933959596,8.42131236557011,4.745679363263819,-3.6756330023062906,5
74130796,AGN,z,i,3.0,-0.15306064195760455,0.045850087978761285,-0.19891072993636555,-15.558871865104312,6.269221147191552,4.872808423003049,-1.3964127241885036,5
89763536,SNIa,z,i,2.6,-0.048387593653914165,-0.10723047625012623,0.05884288259621202,-1.0882333798992423,5.1568741287793145,5.050259141883135,-0.10661498689617943,5
130739978,M-dwarf,z,i,4.0,-1.6527219078632526e-06,-5.952338359273696e-07,-1.0574880719330105e-06,-0.00010869624339644446,8.91118672059155,8.911180621724812,-6.0988667378580885e-06,5
59087004,SNIa,z,i,4.4,-0.0191949666243433,0.06763815827168619,-0.0868331248960296,-0.600244286110933,8.698325404165432,8.663753260027597,-0.034572144137834826,5
120272506,TDE,z,i,3.6,1.478811580755135e-05,-8.511781870681828e-06,2.329989767779171e-05,-0.0003419572003308446,9.04858872913637,9.048569833507027,-1.889562934209721e-05,5
128839699,SNIbc,z,i,3.2,0.12067611828041755,0.14194148605340523,-0.021265367772987834,-11.578569434739622,5.539339622326794,4.371008352398784,-1.16833126992801,5
74492858,KN,z,i,4.2,0.22141761542572783,0.11802874323443431,0.10338887219129347,33.25287633538046,5.759607453300433,8.150211920649324,2.3906044673488918,5
98231865,M-dwarf,z,i,2.2,-0.012211584090010597,0.0003138219123000678,-0.012525406002310524,-1.2333547617784224,6.731888723900376,6.639651423772079,-0.09223730012829634,5
104723380,SNIa,z,i,2.2,-0.258398295393678,0.04920604540805375,-0.3076043408017316,-61.37267230299576,13.596731616926595,11.11298512370711,-2.483746493219485,5
115240829,TDE,z,i,3.6,0.06297970297154372,-0.024315429360960338,0.08729513233250423,8.863480672657436,4.561190758669677,5.446828601088078,0.8856378424184008,5
127779559,SNIa,z,i,3.2,0.0703067985356129,0.03672038774823026,0.033586410787382524,7.670499958745796,8.735883122684694,9.164395991659957,0.42851286897526286,5
129554871,SNII,z,i,2.0,-0.4121113148589757,-0.12782360472639193,-0.2842877101325838,-70.70924177991776,9.52440419164591,4.472698673723103,-5.051705517922807,5
66425544,SNIa,z,i,4.2,0.06961559655097638,0.1457481926415582,-0.07613259609058201,-18.34455989527263,5.376438871337886,3.2498515415262226,-2.126587329811663,5
89023208,SNII,z,i,4.6,-0.1269643197659196,0.059234149691947256,-0.18619846945786697,-17.386431329974688,8.257635468587493,7.12756004549239,-1.1300754230951027,5
104025081,SNIa,z,i,3.2,1.2111694682463625,0.08351405614761327,1.1276554120987494,167.6160462949228,19.64060706880562,23.52380692673148,3.883199857925863,5
3625643,M-dwarf,z,i,2.2,-0.0009230949292192037,0.0012842837707355568,-0.0022073786999548496,-0.14281039433538462,3.49399022497861,3.4734935292743376,-0.020496695704272483,5
11180223,SNII,z,i,3.8,-0.10896430539987652,0.34947511431316125,-0.4584394197130375,-125.02130149073837,12.88043112625165,6.394075735192224,-6.486355391059426,5
44988848,SNIa,z,i,3.4,0.061232514400678804,0.1590378421773074,-0.0978053277766286,-6.5855191034254235,10.104304569847454,9.772996047109336,-0.3313085227381176,5
83082649,SNIa-91bg,z,i,4.4,0.3178472472390531,0.36873168785958976,-0.050884440620536805,-52.32326502329654,12.65057662108194,10.37852705457612,-2.272049566505821,5
89613764,SNII,z,i,2.25,0.016089780000393072,0.04553527567525425,-0.029445495674861412,3.7184126855073902,12.065936188562812,12.219051877784015,0.15311568922120244,4
20672879,TDE,z,i,4.0,0.10923132439524048,0.10383115978129584,0.005400164613944795,0.19730300496380063,3.4547960326507003,3.4832339330258626,0.02843790037516225,5
52815591,SNII,z,i,3.0,-0.058422637548839786,0.010975902116075215,-0.06939853966491517,-5.171437955247969,6.341490104998729,5.919717797036344,-0.4217723079623852,5
72074915,EB,z,i,4.0,0.13396368685380775,0.13337066625636512,0.0005930205974420779,1435.4667809114155,41.32672860546667,56.06572284507988,14.738994239613213,5
32014077,M-dwarf,z,i,3.4,0.5204521763022905,0.5163715223075471,0.004080653994743528,30946.969393564872,110.3815861577302,207.6801963506903,97.2986101929601,5
34866353,EB,z,i,2.75,-0.13355421831252867,0.007347314303903393,-0.14090153261643198,-21738.454067503735,459.08581989944156,434.76584038449795,-24.31997951494361,4
36842485,SNIa,z,i,2.2,6.1332957514537155e-06,-1.0408297388833289e-06,7.1741254902966195e-06,0.02690330296168797,3.973021593799725,3.9764059007803265,0.003384306980601437,5
44168220,SNIa,z,i,4.0,0.030945615488171273,-0.006779765840903873,0.037725381329075304,1.5930195201886863,6.271524940938708,6.397268526879651,0.1257435859409437,5
56216003,SNIa,z,i,3.0,-0.07674545053280175,-0.05385473135776294,-0.02289071917503894,-8.069542578381428,5.45838125048937,4.660942318599584,-0.7974389318897854,5
70854573,TDE,z,i,2.75,0.030502096949431845,0.351697870739307,-0.3211957737898749,-147.95924828141958,14.052332282724871,7.036248595856457,-7.016083686868414,4
110271758,SNIa,z,i,3.8,0.06810491418814654,0.1244221437259631,-0.05631722953781643,2.35266320100352,8.884940364662345,9.016364482684235,0.13142411802189002,5
19920079,SNIa,z,i,4.8,0.059689613269387556,0.03547724417666785,0.02421236909271978,6.481124003474589,5.193277988562784,5.783706447423253,0.5904284588604689,5
72587600,SNII,z,i,4.0,0.00034328766176228154,0.0004960345911755212,-0.0001527469294131578,0.06512121779013491,4.878525842234826,4.885195555056435,0.00666971282160933,4
88882274,TDE,z,i,3.8,-0.008634198604024234,0.04565997167988176,-0.054294170283905964,-9.2310036320075,5.916178391512388,5.076432125833124,-0.8397462656792642,5
92564906,SNIa,z,i,4.0,0.26987263807488376,0.22658353650115215,0.04328910157373124,19.636581042970327,1.9475931331467997,4.840423540895041,2.8928304077482414,5
94021808,SNII,z,i,3.2,0.03379600142839969,-0.05234093633682664,0.08613693776522623,0.6473829470926752,3.4744847124603764,3.5664305634925153,0.09194585103213893,5
1634735,SNIbc,z,i,3.25,-0.20916483203492764,0.4826618991924105,-0.6918267312273378,-198.62782580741177,22.01381945347408,16.91095565373945,-5.1028637997346316,4
81671326,TDE,z,i,3.0,0.35089448438915855,0.5141870387515273,-0.1632925543623689,-810.5660280142215,28.951480017263357,5.255679516083343,-23.695800501180013,5
21468856,M-dwarf,z,i,4.4,7.565030096046143e-06,7.552653773801641e-06,1.2376322237059658e-08,0.0022156338024455604,8.574007163578743,8.574136369040444,0.00012920546170036573,5
113829239,SNIax,z,i,4.2,-0.053046715540311776,0.062245276177548395,-0.11529199171786012,-14.817770705189877,5.950352275193266,4.537501679747105,-1.4128505954461614,5
5982256,SNIa-91bg,z,i,2.8,0.09219594212489221,0.11109707581567023,-0.01890113369077783,-27.42695674829695,5.953248515601042,2.830938208475959,-3.1223103071250833,5
7390884,SNII,z,i,2.5,-0.5846256316283659,-0.01387610295045086,-0.5707495286779148,-195.3546581591149,15.263860695920798,6.134393628172296,-9.129467067748502,4
78846696,AGN,z,i,3.8,-0.06076869950077892,-0.0026984155350934505,-0.05807028396568549,-9.468288992222499,7.364065246864526,6.690378761165574,-0.6736864856989522,5
86001230,SNIa-91bg,z,i,3.8,-0.11850433610288472,0.3389464538919665,-0.4574507899948511,-73.28987970642157,9.370704445239392,3.8105409187683206,-5.560163526471071,5
93417061,M-dwarf,z,i,3.0,-0.04339370563137113,0.08223308485249417,-0.12562679048386532,-9.783703918722335,7.760735407431618,7.102486194667363,-0.6582492127642547,5
119178558,SNIbc,z,i,3.0,1.0724418861762785e-05,1.1275171905066578e-10,1.0724306110149358e-05,0.0007529548364182459,7.330691269951598,7.3307426261041915,5.135615259366233e-05,5
125838400,SNIa,z,i,4.4,-0.07565011782265225,0.08006334939665113,-0.1557134672193034,-12.738283462853808,5.8797826519750345,4.672639572191798,-1.2071430797832363,5
29609624,SNIa-91bg,z,i,4.2,0.02695351824927199,-0.056870122168462524,0.0838236404177346,40.59009338859778,5.221644739362898,8.237455139344554,3.015810399981656,5
30115580,TDE,z,i,3.8,-0.008498350712751979,0.026453165910213194,-0.03495151662296511,-2.665699509359715,10.52343838303291,10.39601153770669,-0.12742684532622128,5
56479755,SNII,z,i,4.0,0.09509457883043879,0.09982692834453911,-0.004732349514100249,27.575463516822897,9.529420564459256,10.8805018179844,1.3510812535251446,5
91484679,SNIa,z,i,3.4,0.13524693754858,0.25236243276886544,-0.11711549522028522,-19.221639548670783,5.326587673042149,3.0250449070937435,-2.3015427659484056,5
110720057,SNIa,z,i,3.8333333333333335,0.04255096330518482,0.0416475078501515,0.0009034554550335095,18.52594603849614,8.971574684491426,9.950633063172592,0.9790583786811666,6
128989049,AGN,z,i,3.4,0.48643974841366894,0.012294965696731108,0.4741447827169381,40.22964763710802,10.438646740253734,12.21454024533539,1.7758935050816564,5
32037298,SNII,z,i,3.8,-0.046024586125571344,-0.002519061744984008,-0.043505524380587246,-10.030748442722409,5.47586021968917,4.467023248523777,-1.008836971165393,5
80346495,SLSN-I,z,i,4.4,0.3417375466356053,0.3810219323713816,-0.039284385735775765,-12.895369631158559,11.703233488138954,11.138685041185902,-0.5645484469530526,5
124742587,SNIbc,z,i,2.8,-0.02312275758876554,0.02650605316134689,-0.0496288107501124,-9.506149182511724,6.257666445261693,5.445387053060819,-0.8122793922008738,5
20135303,SNII,z,i,2.8,0.31659094448079406,0.32249562993202857,-0.005904685451234722,-17.974826662516765,14.702564014155964,14.078016974270104,-0.6245470398858597,5
20683463,SNIa,z,i,4.6,0.0004557830366719529,-0.00031304264067886264,0.0007688256773508605,0.055043389021054254,7.693045344309968,7.696621990109058,0.00357664579909045,5
59211997,TDE,z,i,2.6,0.07537228588181115,0.05283420516909598,0.022538080712715205,9.066469120634846,8.372879969801266,8.897841766930567,0.5249617971293006,5
25203632,SNIa-91bg,z,i,3.0,0.370280025432154,0.37662155311435896,-0.006341527682204596,110.36832736180847,19.83019887061496,22.44114780063505,2.61094893002009,5
28305390,SNII,z,i,2.8,0.020485311617820745,0.07197675403576513,-0.051491442417944525,0.0020388598215582477,5.06523498495076,5.065436241094215,0.00020125614345456455,5
52429042,TDE,z,i,3.2,0.4663447614796028,0.46958100563158495,-0.003236244151982687,2.885480529818551,4.029944975015467,4.373321052869428,0.34337607785396074,5
57681583,SNIa,z,i,3.4,0.23046956892705123,0.2631306280629902,-0.03266105913593913,-2.22926257765947,6.866585717443748,6.7022934013174185,-0.16429231612632922,5
63377924,SNIa,z,i,2.75,0.10563014664652748,0.011354947119360453,0.09427519952716694,19.74667536959445,5.034082514037669,6.7148091653995845,1.6807266513619155,4
63675288,SNII,z,i,3.6,0.6992616477626501,0.830294645008081,-0.1310329972454311,312.9406026654917,19.76962360693973,26.52882621273622,6.759202605796489,5
91042581,SNIa,z,i,2.8,0.02917657272574283,0.04179543792778233,-0.012618865202039736,99.41136915499412,6.894259621359376,12.121971163210235,5.227711541850859,5
115381923,KN,z,i,2.8,0.055199454654338086,0.10141008736598611,-0.04621063271164778,-16.520521919385267,8.32431864461962,7.264554974516784,-1.0597636701028357,5
115634018,SNIa,z,i,3.0,0.26539639746475674,0.34058348007276595,-0.07518708260800949,-194.28649355438517,17.029999054409952,9.784394423714666,-7.245604630695286,5
730,SNII,z,i,11.727272727272727,0.012954731265531897,0.0374016135881681,-0.02444688232263621,-0.3310323511093856,1.6174121349253725,1.5116182266347762,-0.10579390829059632,11
6947,SNIa,z,i,10.454545454545455,0.06440616030671169,0.15404211505340487,-0.08963595474669335,-0.5467564783269784,3.363066684494173,3.280771410206394,-0.08229527428777894,11
8784,EB,z,i,10.090909090909092,0.4094788875766554,0.04244656737830222,0.367032320198353,144529.96546923925,758.0377100135486,848.0277915680736,89.99008155452498,11
10349,M-dwarf,z,i,8.727272727272727,0.003087282424920825,-0.22873902646738042,0.23182630889230119,1.3438891941908577,2.781896597201765,3.0137746882794043,0.23187809107763924,11
18706,SNIbc,z,i,11.090909090909092,0.020760387753791753,0.02108098075299566,-0.00032059299920392123,0.1898534899750784,2.8953126738225716,2.9279154648269277,0.032602791004356035,11
21335,SNIa,z,i,10.818181818181818,0.006760666238881436,0.039704613647677946,-0.03294394740879654,0.22434498121214005,2.0113302738434604,2.0663480954794013,0.05501782163594093,11
23848,SNIa,z,i,9.181818181818182,-0.07203302400535136,0.1273296980208474,-0.1993627220261988,-1.1753718967452769,3.0395228445265006,2.839599835479146,-0.1999230090473545,11
24989,SNIa,z,i,10.090909090909092,0.13553549844850368,0.10316605785738625,0.03236944059111729,2.190172771465249,2.4135297887713243,2.831130306565172,0.41760051779384755,11
30172,SNIa,z,i,10.909090909090908,0.08660888082111047,0.026531187629504193,0.060077693191606295,0.184456615058782,3.568932089053066,3.5946811918905217,0.025749102837455684,11
32238,EB,z,i,10.272727272727273,-0.06332033489020344,-0.15000038855296952,0.08668005366276604,3.327730903779735,2.291687817391695,2.9290892707736385,0.6374014533819437,11
32309,SNII,z,i,11.0,-0.012454432870728843,0.016766207700685713,-0.029220640571414536,-0.6069917842671706,2.180017580063151,2.0360463808855696,-0.1439711991775816,11
33422,AGN,z,i,11.090909090909092,-0.04232686556828009,0.09709870478959978,-0.13942557035787972,16.12679039957571,21.68575135820112,22.05444631745031,0.36869495924918994,11
34243,AGN,z,i,9.363636363636363,0.17459002225233233,0.3345543983141905,-0.15996437606185784,2275.7467038506043,85.26597495268321,97.70380334706631,12.437828394383104,11
35743,SNII,z,i,10.090909090909092,-0.06235540037053196,0.045248121434518375,-0.10760352180505027,-3.891154660686048,4.492822744047174,4.036620064948092,-0.4562026790990821,11
38754,SNIa,z,i,10.454545454545455,0.0412582090295037,0.0617953211912419,-0.02053711216173824,-0.8194634007542153,4.076161277748558,3.9743713165056116,-0.1017899612429467,11
43151,SNIax,z,i,10.909090909090908,0.44187823240187785,0.05933204068286314,0.38254619171901466,328.89901527601876,1.909336261338143,18.235804896819868,16.326468635481724,11
43211,SNIa,z,i,10.090909090909092,0.146657938318712,0.14624962153810953,0.0004083167806023925,1.2005831745796707,1.781032843658367,2.091090903038287,0.31005805937992026,11
44309,SNIa,z,i,8.727272727272727,-0.017397049938664078,0.044012576478714614,-0.06140962641737859,-2.2780529196926556,3.1923382988834095,2.8130003367979124,-0.3793379620854971,11
51318,SNIbc,z,i,10.636363636363637,0.03720043513585553,0.0421473725354808,-0.004946937399625314,0.31175776111791387,2.2382066701410466,2.3068001342512936,0.06859346411024703,11
53354,SNIbc,z,i,10.818181818181818,0.06320896971808163,0.04380539712092287,0.019403572597158712,1.0121667020416023,3.5084615918012925,3.649858825103576,0.1413972333022837,11
55155,M-dwarf,z,i,11.272727272727273,-0.02135412651249974,0.0023039091769052455,-0.023658035689404958,-0.1730096059715435,3.4562220989959402,3.4311020957727796,-0.02512000322316066,11
56769,M-dwarf,z,i,11.0,0.18436101861514353,0.18195306072640086,0.0024079578887427765,1727.254923444543,90.18812466696131,99.30333707578964,9.115212408828327,11
56987,SNIbc,z,i,10.363636363636363,0.049397952489383036,0.06291605118997935,-0.013518098700596337,0.1855786880861098,1.7359040318273695,1.7885584966113428,0.05265446478397329,11
59644,SNIa,z,i,10.272727272727273,-0.02934430489587937,0.06032723482617975,-0.08967153972205905,-0.5155456143686318,2.8207332455915757,2.7278178876928263,-0.09291535789874938,11
67514,SNIa,z,i,10.181818181818182,0.23756261444463114,0.03766641186188228,0.1998962025827489,2.3112345465883766,1.9975350855912404,2.510255159292852,0.5127200737016118,11
72428,SNIa,z,i,10.909090909090908,0.006363458397791137,0.008743337709627257,-0.002379879311836097,0.17224499817269712,1.8879864864411393,1.933064399123075,0.04507791268193562,11
72525,SNIa,z,i,9.272727272727273,0.07639420649959244,0.09259323337514024,-0.016199026875547924,-2.2950707688304757,2.5516938468549917,2.0533072637204475,-0.4983865831345442,11
80205,SLSN-I,z,i,11.818181818181818,0.03171798235590113,0.044420800391234035,-0.012702818035332897,0.2955957717126048,2.152995020745234,2.220581755096258,0.06758673435102391,11
86456,SNII,z,i,10.363636363636363,0.006049126297224084,0.004124340440520272,0.001924785856703739,0.08241183074952016,1.8542421330778998,1.8763330511481164,0.02209091807021668,11
94107,EB,z,i,11.181818181818182,0.0570409402970085,0.04149361317299083,0.015547327124017941,5233.286180063123,43.01092008725167,84.16190009033227,41.1509800030806,11
95566,SNIa,z,i,11.181818181818182,-0.047084100004181846,-0.06926724441737787,0.022183144413195955,-0.2945692597498634,1.749739018728524,1.6634354132070157,-0.08630360552150829,11
95580,SNIa,z,i,9.636363636363637,0.1778265016405012,0.09988598965291594,0.07794051198758535,0.7205731205817631,1.9154241542126724,2.0950949408375497,0.17967078662487723,11
103100,SNIa,z,i,10.909090909090908,0.25194321324832974,0.24339447895483793,0.008548734293491962,0.847569022515842,2.168889147688702,2.3561937860621027,0.18730463837340094,11
114191,M-dwarf,z,i,8.909090909090908,0.1075596749236584,-0.003676883456972237,0.11123655838063047,4.307861695075148,5.821347883492468,6.180287442806959,0.35893955931449106,11
115053,SNII,z,i,10.818181818181818,0.11244782547103359,0.12328517888123915,-0.010837353410205641,0.235659811721788,2.1598548712264645,2.2137373097281614,0.05388243850169694,11
116720,SNIa,z,i,11.818181818181818,-0.027569846539349584,0.016111253104894,-0.0436810996442436,-0.04465035994009878,1.825154184661516,1.8128809772975565,-0.012273207363959537,11
123493,SLSN-I,z,i,10.909090909090908,-0.003350928374276166,0.017911121334436304,-0.021262049708712528,0.008053536243916585,1.7480418155795918,1.7503438877142719,0.0023020721346800332,11
124183,M-dwarf,z,i,10.181818181818182,0.2384997797949323,0.2961813999521686,-0.05768162015723626,-1.4276140131128376,2.3534232341598655,2.0275568810690965,-0.32586635309076906,11
128518,SNIa,z,i,9.545454545454545,0.03880532488326029,-0.0046511511093081295,0.04345647599256842,0.9474657626329009,1.8190201798766348,2.0630802644180677,0.2440600845414329,11
129637,RRL,z,i,10.363636363636363,1.0658705254576764,0.24813597857803169,0.8177345468796445,1625946.9308997958,2240.848036250742,2578.24491708383,337.39688083308783,11
131181,EB,z,i,10.727272727272727,-0.0021785744300463913,0.0005176950172737205,-0.0026962694473201478,-0.006881966411194313,1.822343905941547,1.820454708338304,-0.0018891976032429092,11
131629,SLSN-I,z,i,9.818181818181818,0.014868504364433958,-0.017880448822213676,0.03274895318664768,0.4360700720145097,1.8073467166923212,1.9242069084048687,0.11686019171254758,11
133513,SNIa,z,i,10.727272727272727,0.013302926776582978,0.029747630539888718,-0.01644470376330576,0.41452339375543157,2.497567680115054,2.5792184301665353,0.08165075005148115,11
143651,SNIa,z,i,10.454545454545455,-0.04072280924334573,0.032055226538331816,-0.07277803578167746,-0.18587514561208318,2.350690471966784,2.3108159921082723,-0.03987447985851178,11
143865,EB,z,i,10.0,0.006032235590304877,0.0018382043598099988,0.0041940312304948515,0.19612468245697626,2.4994073059736523,2.538338346952874,0.03893104097922162,11
145107,EB,z,i,9.727272727272727,0.19797051948383837,0.10355517850811563,0.0944153409757229,97.21939458199704,28.815666370921797,30.45590292508614,1.6402365541643427,11
145859,SNIa,z,i,8.090909090909092,0.00944786254191749,0.012219118817837306,-0.0027712562759198522,0.026408557530801676,2.181630705320343,2.187674814026833,0.006044108706489748,11
148535,SNII,z,i,11.636363636363637,0.04375526313900926,0.05137359828428942,-0.007618335145280048,0.2750745229174943,1.881200239121363,1.9529436404022948,0.07174340128093193,11
152079,SNIa,z,i,10.363636363636363,0.10981408293946818,0.1416440674235161,-0.03182998448404779,0.918969890002701,5.450759427839256,5.5344148950165675,0.08365546717731132,11
152300,SNII,z,i,10.818181818181818,0.03988910470210618,0.007914325814297131,0.03197477888780915,0.2991298991413246,1.9748608423445955,2.049196243839845,0.07433540149524953,11
152618,EB,z,i,11.090909090909092,1.750464383693478e-05,-5.49883159787332e-07,1.805452699653295e-05,0.00903512754606741,42.69553272730369,42.695638535988735,0.00010580868504206364,11
154053,SNII,z,i,10.727272727272727,0.2108025921706293,0.21319856402233334,-0.0023959718517041467,2.4951762541725233,3.074773140187095,3.456791303765463,0.38201816357836815,11
180090,SNII,z,i,9.909090909090908,-0.00683612516413508,0.025308573286901538,-0.03214469845103652,-0.36551621628285935,1.6651452745216717,1.5515129934934462,-0.11363228102822553,11
183210,SNIa,z,i,10.090909090909092,0.10967036169732859,0.12555147649456463,-0.01588111479723604,0.5354414783807763,2.5004656842292214,2.6053349336292033,0.10486924939998188,11
185839,M-dwarf,z,i,9.181818181818182,2.7329981817041987e-07,2.066726921564281e-08,2.5263254903312967e-07,0.0025120732652560832,8.081628759504587,8.081784176759296,0.00015541725470846757,11
187817,SNIa,z,i,10.818181818181818,0.01623528723520786,0.023683880336837472,-0.0074485931016296195,0.01791496400024287,1.4708565331223191,1.4769339541864595,0.0060774210641403315,11
188764,SNIa,z,i,9.909090909090908,0.16582724971177049,-0.06829035637813675,0.2341176060899073,7.3507257647566,3.8201050324090335,4.684434674898714,0.8643296424896807,11
191287,M-dwarf,z,i,11.0,-0.3359155540551971,-0.09668580103447044,-0.23922975302072677,-1.6885165868505945,2.8706479341399076,2.5597075955919513,-0.31094033854795633,11
191397,SNIa,z,i,10.272727272727273,0.025653655658573037,0.058464640001925486,-0.032810984343352584,0.6838464212389024,2.4602252471172505,2.59548736999278,0.1352621228755293,11
193431,SNII,z,i,10.545454545454545,0.09611844322987119,0.16620500704829977,-0.07008656381842862,-0.20322455144260457,2.7976952796330194,2.761136419345896,-0.03655886028712363,11
193961,EB,z,i,10.636363636363637,-1.4792926481341986e-06,-5.846217147506786e-07,-8.946709333881128e-07,3.210917091355527e-05,3.006359147825865,3.0063644880298828,5.340204017656447e-06,11
194669,SNIa,z,i,9.363636363636363,0.014487612713489013,0.02322958145595595,-0.008741968742466895,0.05408882654115446,1.5759241256303997,1.5929926792942566,0.017068553663856845,11
195026,M-dwarf,z,i,10.181818181818182,0.051605828672059456,0.006579873729952482,0.04502595494210694,0.8867365122412654,4.332435257190408,4.433591294874594,0.10115603768418602,11
195359,SNIa,z,i,10.0,0.02124757418600266,0.0566101370119898,-0.03536256282598718,-0.23257165401328653,1.8043080624636303,1.73866498505548,-0.06564307740815023,11
197595,M-dwarf,z,i,9.363636363636363,0.27860128299353276,-0.012114243654424693,0.290715526647957,13.992903205740639,24.175231762205243,24.462925703236678,0.287693941031435,11
202856,SNII,z,i,10.545454545454545,0.039468833388939674,0.027142415377771643,0.01232641801116805,0.10394663112834344,1.2523702593793158,1.2932045073019807,0.04083424792266488,11
203204,SNIa,z,i,10.454545454545455,0.03837776554356071,0.03904616167425185,-0.0006683961306912247,0.3878602554339578,1.7341463809820505,1.8425862058821294,0.10843982490007886,11
204437,SNIa,z,i,9.909090909090908,0.2653835983050168,0.028497992530391182,0.2368856057746257,3.833197147365602,2.6954197585770028,3.3314388516514772,0.6360190930744745,11
204843,SNII,z,i,10.181818181818182,0.08691993148609173,0.04149164187788189,0.04542828960821,1.820283403326409,3.1451213566175267,3.4222904247269956,0.27716906810946895,11
211096,SNIa,z,i,10.181818181818182,0.013808665585890808,0.03729119590935645,-0.02348253032346564,0.052120799508667555,1.4622838893401644,1.479998301530264,0.017714412190099615,11
213934,SNIa,z,i,9.909090909090908,0.23465868477851967,0.11592655729383386,0.11873212748468574,5.087424783488829,3.4701772900164265,4.13878668303098,0.6686093930145534,11
222108,SNII,z,i,9.909090909090908,0.020078461846021023,0.019737282631694275,0.00034117921432677935,0.21417076292487092,1.9493866588401623,2.0035665969936916,0.05417993815352928,11
222506,M-dwarf,z,i,9.454545454545455,-0.0006425652762994974,0.00457952957764812,-0.005222094853947587,-0.04274003467718572,1.5797794743027926,1.5661938426488666,-0.013585631653926011,11
233524,SNIa,z,i,10.636363636363637,0.16915214552531532,0.1814013878460049,-0.012249242320689645,3.9038019503595005,2.6766049730337897,3.326862806312986,0.6502578332791962,11
235847,SNIa,z,i,11.272727272727273,-0.08102486781486323,-0.002373475117699787,-0.07865139269716358,-1.0614908347480436,3.4141803134947013,3.2550171087579147,-0.15916320473678658,11
236647,SNIa,z,i,10.181818181818182,-0.025619430161816933,0.00582851173520236,-0.03144794189701929,-2.255756448129666,3.4282577213155467,3.0817518647077997,-0.346505856607747,11
241393,SNII,z,i,11.181818181818182,0.05261800008567346,0.03393421618789164,0.018683783897781744,0.37061799718980154,2.171387159664433,2.255114230886182,0.08372707122174905,11
242943,SNIa,z,i,10.545454545454545,-0.10740761562310394,0.019714355078427438,-0.1271219707015314,-30.769689163430257,32.51799136067614,32.04138063457282,-0.4766107261033241,11
246511,SNIa,z,i,11.090909090909092,-0.07107828341656304,0.10672000778543243,-0.17779829120199564,-16.90107662466816,7.2471692874818014,5.968281667008632,-1.2788876204731698,11
248046,SNIax,z,i,10.818181818181818,-0.14641723105016616,-0.08320562437549968,-0.06321160667466652,-0.6572590136437969,1.5231519213206697,1.2894699538101113,-0.23368196751055836,11
250327,SNIa,z,i,10.727272727272727,-0.008507011046301855,-0.02304199148681715,0.01453498044051531,0.8236929239769313,3.973516841042317,4.075847029762507,0.10233018872018951,11
254314,SNIa,z,i,9.454545454545455,-0.015279681539022876,-0.013542518834863442,-0.0017371627041595403,7.508280598708665,2.8270817815931806,3.937089279978895,1.1100074983857144,11
255747,SNIa,z,i,9.636363636363637,-0.13232890922422216,0.2293749686192977,-0.36170387784352,-3.3310805417323635,3.5573700574074723,3.0534900005742407,-0.5038800568332316,11
257906,SNIbc,z,i,8.454545454545455,0.03671063857768564,0.046371943941122803,-0.009661305363437187,0.26180326311643626,2.1873979124658605,2.2464444997765782,0.05904658731071777,11
262402,SNII,z,i,9.727272727272727,0.24550837291920183,0.049465851546928195,0.1960425213722737,423.45816983038185,55.38841611224321,59.087518218769226,3.699102106526013,11
263821,RRL,z,i,10.363636363636363,0.04902304100997348,-0.16956806477726213,0.2185911057872353,319534.6916157357,2422.293258399381,2487.375991140629,65.08273274124804,11
265676,M-dwarf,z,i,9.636363636363637,2.9302553480487443e-05,-1.4665309831367542e-05,4.396786331186568e-05,0.0005542643732484132,1.5915344943024679,1.5917086137003407,0.00017411939787281838,11
266677,EB,z,i,10.909090909090908,0.10329866239722646,-0.02177613657433655,0.12507479897156304,1.3803131498800234,4.000560390719478,4.1695079553436045,0.1689475646241263,11
268949,SNIa,z,i,10.545454545454545,-0.012009991441911515,0.007958427139959494,-0.01996841858187107,-0.0983352247401406,1.767420592591669,1.7393792934196224,-0.028041299172046674,11
269733,SNIa,z,i,10.727272727272727,0.09740250049395525,0.06958608487721751,0.02781641561673773,3.714352420384452,4.041161474906123,4.477202082400334,0.4360406074942107,11
270612,SNIax,z,i,10.727272727272727,0.010491060073527392,0.009559551099465128,0.0009315089740623082,0.09086788002347576,1.9481955675417444,1.9713786671800966,0.02318309963835219,11
272367,EB,z,i,10.090909090909092,0.37814319872122865,0.019127537355073214,0.35901566136615554,5775.495948001421,183.1501155183905,198.29135322146854,15.141237703078048,11
274024,SNIa,z,i,9.909090909090908,0.025783409923799704,0.024238205650388533,0.0015452042734111536,0.1487879600597726,2.3805252091434355,2.411573807999077,0.031048598855641707,11
275093,SNIa,z,i,9.454545454545455,0.13166626418799082,0.01835773672194904,0.11330852746604164,168.28588324158443,4.324420416083742,13.674300537015641,9.3498801209319,11
276083,AGN,z,i,9.454545454545455,0.12200233625381805,-0.012839619959926309,0.1348419562137444,0.4210926018322921,3.0461344851497714,3.114486780105344,0.06835229495557282,11
279664,SNIbc,z,i,11.090909090909092,-0.020786264308081007,0.033846688079977996,-0.05463295238805892,-0.4949154245865019,1.9242601831501407,1.7910504816644648,-0.1332097014856759,11
280334,M-dwarf,z,i,10.0,-0.006956316559182809,-0.008631005853783878,0.0016746892946011072,-1.732487345988844,6.5521433828616455,6.418574262528152,-0.13356912033349388,11
280954,M-dwarf,z,i,11.0,0.2787895811623901,0.29298717264399826,-0.014197591481608297,-11.351265224536169,4.452732929249087,2.911282417540933,-1.5414505117081538,11
283902,SNIa,z,i,10.454545454545455,0.05897837899650557,0.03661547625121748,0.02236290274528824,72.8689579735649,32.88400016229294,33.97390799786282,1.0899078355698748,11
285827,SNIa,z,i,10.363636363636363,0.1618007198618601,0.26414699552092463,-0.10234627565906457,-1.1917492824235345,1.9919178101721304,1.6661294307638288,-0.32578837940830163,11
289303,SNIa,z,i,10.818181818181818,-0.01970375394651791,0.019766444202422215,-0.03947019814894021,-0.31031344640288794,2.123156303817411,2.0487750594042096,-0.07438124441320149,11
290322,SNIax,z,i,10.272727272727273,-0.052415332373661985,0.042416783614285906,-0.09483211598794795,-0.835656271355088,2.666856674362594,2.505288057337365,-0.16156861702522907,11
294059,RRL,z,i,9.090909090909092,0.894125771900352,0.0010055883334406227,0.8931201835669117,171046.2465924018,482.9802035297873,635.8585720064459,152.87836847665864,11
296200,SNIa,z,i,10.454545454545455,0.014917569692663819,0.012410793538200023,0.0025067761544638055,0.09520402544968935,1.4204260217600206,1.4535522380508683,0.033126216290847665,11
297005,M-dwarf,z,i,10.0,0.45041299098714466,0.03466543415397122,0.4157475568331735,883.157132682244,46.824492348145085,55.458905654040294,8.634413305895208,11
298918,SNIa,z,i,11.090909090909092,0.2057745102337088,0.1865536166235224,0.0192208936101864,15.876044798522765,2.8498581823771194,4.898748458349805,2.0488902759726852,11
300965,SNII,z,i,10.272727272727273,0.17999314906429761,0.08939747610722323,0.09059567295707459,362.6495159765486,27.582111539738587,33.517493834819,5.935382295080412,11
304076,M-dwarf,z,i,10.818181818181818,-0.010581160702569647,-0.0807808601027789,0.0701996994002093,-3.985950827586942,6.675387608441556,6.369839000739984,-0.30554860770157255,11
306095,SNIbc,z,i,10.727272727272727,0.06664252726303647,0.17455941190045185,-0.10791688463741521,-1.1225995604550898,1.6006547940628952,1.1997900688459797,-0.4008647252169155,11
306448,M-dwarf,z,i,10.0,-0.019725663743078877,0.025159823251678145,-0.04488548699475702,0.08283217858276172,2.2054473559598984,2.224147076632584,0.01869972067268577,11
309935,SNIa,z,i,11.0,0.026668777052474925,0.01775807304963993,0.008910704002835097,0.18333529151449443,1.6588240798857725,1.713193690019717,0.05436961013394459,11
310436,SNIa,z,i,8.0,0.085294578141219,0.04912136959719165,0.036173208544027315,0.21210426274202476,1.4146245563827073,1.4877052457603945,0.07308068937768719,11
311219,SNIa,z,i,10.727272727272727,0.03334769748623061,0.08239747510505026,-0.04904977761881972,0.1331114872604993,2.61509951056597,2.640427415670212,0.0253279051042421,11
312769,SNIa,z,i,9.909090909090908,0.03426993586560992,0.010923983541674544,0.02334595232393547,0.11105144282357053,1.3056508192597098,1.3475071445662623,0.04185632530655248,11
316154,EB,z,i,11.363636363636363,0.5041345952442234,0.3216516826507195,0.1824829125935038,5301.084464838422,62.390858129245984,95.88380281852676,33.492944689280776,11
317908,SNIa,z,i,11.272727272727273,0.15420655885182175,0.038187297919067484,0.11601926093275418,1.7078442078493046,2.1068560326839014,2.479251207583825,0.37239517489992346,11
318155,EB,z,i,10.363636363636363,0.22729764249005138,-0.03221430917400821,0.2595119516640593,0.10293085997641879,7.352990598754111,7.3599865220897485,0.006995923335637144,11
326736,AGN,z,i,10.545454545454545,0.00938764697832281,0.054167586844524,-0.04477993986620119,8.430771144743426,8.310813061281078,8.803430290761868,0.4926172294807909,11
328060,SNIbc,z,i,9.909090909090908,0.09424898440711106,0.06020795696656334,0.03404102744054761,0.8359371874874267,1.996130979529016,2.1955582604255564,0.19942728089654027,11
330300,M-dwarf,z,i,9.818181818181818,1.6871416388665594,0.07868326537234083,1.608458373494218,-7.902208473404852,45.704854969362884,45.618324819058074,-0.08653015030481015,11
330588,SNIa,z,i,11.272727272727273,0.16865718890542478,0.028486400882494343,0.14017078802293045,18.550488061455273,9.343111992336448,10.288062488282058,0.9449504959456103,11
333551,SNIa,z,i,10.545454545454545,0.04352484629177092,0.022419661420591836,0.02110518487117913,0.33233106244405064,2.595955631494219,2.6591947471237605,0.06323911562954132,11
335454,SNIa,z,i,9.909090909090908,-0.07387370678157433,0.05780372297094536,-0.1316774297525198,42.91224334800775,8.643616841407805,10.845476266585825,2.2018594251780197,11
338999,M-dwarf,z,i,10.0,0.2264730522763186,-0.08645489023549163,0.31292794251181016,-75.22042910287615,16.916123708815988,14.523595017387747,-2.3925286914282413,11
339008,SNIa,z,i,10.272727272727273,1.2754895437230607,0.0076883194207126105,1.267801224302348,23.888120111601935,3.4610601886813352,5.988911231707882,2.527851043026547,11
340017,SNIa,z,i,10.454545454545455,0.0252652917042654,0.07112349299066541,-0.045858201286399974,-0.9065207430832981,2.657095936827998,2.4806527516814114,-0.1764431851465864,11
342844,SNIa,z,i,10.363636363636363,-0.001062014908692601,0.17145893093666287,-0.17252094584535557,3.986492073620773,4.183947633740407,4.635936785106407,0.45198915136599993,11
17080009,SNIa,z,i,2.6666666666666665,0.35818583788710595,0.29552805657775033,0.06265778130935554,25.69455624735961,3.8481088830025225,6.364157306572688,2.5160484235701652,6
32662207,SNIa,z,i,3.8333333333333335,0.11502482436284282,0.10258481163405575,0.012440012728786929,139.22815114399515,21.300635679189213,24.350466761061146,3.0498310818719325,6
46213566,KN,z,i,3.8,-4.8370828927257746e-05,-1.3296283882910276e-08,-4.835753264344763e-05,-0.007745768821504938,6.939885858957025,6.939327774830224,-0.0005580841268013614,5
71117832,SNIa,z,i,3.6666666666666665,0.10969565786312059,0.07151884326491396,0.03817681459820663,-14.93550811612071,10.670919516464872,9.946507689171623,-0.7244118272932489,6
86944825,SNIa,z,i,2.8,0.24502022624053713,0.3218706955281265,-0.07685046928758946,-12.750516144415812,12.338783278192981,11.810802540123975,-0.5279807380690063,5
1227,M-dwarf,z,i,10.727272727272727,0.0013979663991304893,0.0005200201358919443,0.0008779462632385808,-0.05135068540931322,1.6260284324116572,1.6101607924681927,-0.015867639943464518,11
4819,SNIa,z,i,9.545454545454545,0.06805323502349242,0.09163320149021996,-0.023579966466727664,3.5112984976799426,4.530606144496938,4.902824750512029,0.3722186060150916,11
9006,M-dwarf,z,i,9.454545454545455,0.007770896442400224,0.0017922740585837892,0.005978622383816537,0.16316122232604782,2.9331258311038995,2.960808734689728,0.027682903585828367,11
23539,SLSN-I,z,i,10.090909090909092,0.09742036409077319,0.12603183748017593,-0.02861147338940272,-2.085163618181019,2.702768366576797,2.2846866798725793,-0.41808168670421786,11
25925,AGN,z,i,9.727272727272727,-0.13022284752369215,0.03447358585322033,-0.16469643337691256,-4.338410951850309,5.188756601473686,4.752345117674688,-0.43641148379899786,11
34012,SNIax,z,i,10.272727272727273,-0.09678880488845079,0.05875955350497557,-0.15554835839342634,-3.3257620537972823,3.3601292463808043,2.8221811597745368,-0.5379480866062676,11
40290,SNII,z,i,11.090909090909092,0.1620242307989477,0.2343626540777195,-0.07233842327877185,-6.115543875271053,3.1006697180155984,1.8704568492611309,-1.2302128687544676,11
45127,SNIa,z,i,11.181818181818182,-0.03069079765125489,0.00741524844010298,-0.03810604609135798,-0.17831876761238927,1.9734550118034941,1.9277463308225855,-0.045708680980908634,11
59068,SNII,z,i,10.0,0.09829000558071878,0.007105287125779195,0.0911847184549396,0.3319908773049182,2.4260611086361656,2.4935443409215443,0.06748323228537867,11
70272,AGN,z,i,9.636363636363637,-0.12424992042568346,0.0372348525804356,-0.1614847730061192,-12.001908535804024,6.228237653796498,5.1758125677389515,-1.0524250860575464,11
71068,AGN,z,i,9.727272727272727,-0.1717129496551487,0.0029086135803364148,-0.17462156323548494,93243.37127029424,413.880752113229,514.3351516667963,100.45439955356727,11
72337,SNIa,z,i,10.181818181818182,0.0159107750023843,0.017077826785318072,-0.0011670517829337806,0.09317918117612556,1.5108287467413435,1.5413574157722614,0.030528669030917888,11
73031,SNIax,z,i,8.727272727272727,0.10203285424094556,0.046713524422878634,0.055319329818066934,4.820122720255323,4.6376756219408195,5.131097143360228,0.49342152141940865,11
73509,SNII,z,i,10.363636363636363,-0.011676083152473815,0.03230559282350245,-0.04398167597597622,0.18268833768058232,2.2085501934345357,2.249529349575219,0.04097915614068315,11
73610,SLSN-I,z,i,10.454545454545455,0.054764822739781144,0.0013537699714199181,0.053411052768361195,0.4591780372512977,2.079222251132672,2.1868569241851454,0.10763467305247332,11
77010,M-dwarf,z,i,10.090909090909092,7.227772372028085,-0.3137577948534005,7.541530166881484,105.77706044327145,3.3646820187142232,10.82118965411522,7.456507635400996,11
77292,SNIbc,z,i,10.909090909090908,0.007717029214463752,0.0025747732772815595,0.005142255937182216,0.03359066519160752,1.6450653217346678,1.655243359136533,0.010178037401865181,11
82702,SNIa,z,i,9.909090909090908,0.01654183661109222,0.035417717241142836,-0.01887588063005055,-0.39290358193415625,2.024181228666248,1.9246833673491976,-0.09949786131705052,11
95741,SNIax,z,i,10.090909090909092,0.10350104788032599,0.06256100201382642,0.04094004586649955,1.2787968123936926,1.3722832500195863,1.7781895654507733,0.40590631543118705,11
101298,SNIa,z,i,10.090909090909092,0.08282755205462095,0.09553650354160391,-0.012708951486982882,-0.8331753585565344,3.124901283912181,2.988617184525221,-0.13628409938695984,11
110241,SNII,z,i,11.090909090909092,0.2555641459509151,0.2603339376271827,-0.004769791676267608,2.712828683754783,1.621247783123036,2.3111194382887574,0.6898716551657214,11
111795,SNIa,z,i,10.0,-0.08600359304361063,0.018613311420836064,-0.1046169044644467,-0.8224168209707006,2.618611170717727,2.4565641946501144,-0.16204697606761265,11
112717,SNIa-91bg,z,i,9.272727272727273,-0.017578728292213883,0.050284784262886004,-0.06786351255509993,-0.0791517457371202,1.6511145218562797,1.6269687822904195,-0.02414573956586019,11
121107,SNIa,z,i,9.181818181818182,8.938670727784174e-05,0.016824024613332284,-0.016734637906054447,-0.035718303117322964,1.9238756005372954,1.9145701928175463,-0.009305407719749192,11
121783,SNIa,z,i,11.363636363636363,-1.3233909544079412,0.07454058462976244,-1.3979315390377034,-1644.2038075046207,271.5244939988126,268.4796957570657,-3.0447982417468893,11
125470,SNIa,z,i,10.545454545454545,0.015230500761550969,0.008237573979099543,0.006992926782451469,0.14398142768110442,2.477553994400688,2.506442742783466,0.028888748382778218,11
127056,SNII,z,i,11.0,0.2263939774271825,0.3396345479326688,-0.1132405705054865,32.773417732111604,4.934364966975664,7.557868440203782,2.6235034732281175,11
129490,SNII,z,i,9.818181818181818,0.038968238198972945,0.02957048362214182,0.00939775457683101,0.23466595531614762,1.4092639561731328,1.490198259791259,0.08093430361812626,11
130502,SNIa,z,i,10.272727272727273,0.019557258025349963,0.0238648585991576,-0.004307600573807648,0.13722881379012766,2.8384521355297068,2.8625232469769184,0.024071111447211635,11
147816,RRL,z,i,11.454545454545455,3.85184042332011,0.10449755891298801,3.747342864407123,2827173.9231320615,3170.1103017177797,3588.4221112056,418.31180948782,11
153089,EB,z,i,11.0,0.3884101931955108,0.29568630496074116,0.09272388823476972,11079.714196199224,100.87365648828376,145.7916622084936,44.918005720209834,11
154762,SNIa,z,i,9.818181818181818,-0.001487578953500248,0.0259659239721881,-0.02745350292568842,-0.2915016901774873,2.326133076083941,2.262607654339181,-0.06352542174475984,11
157299,SNII,z,i,11.181818181818182,0.03782888034106904,0.01980393211112827,0.018024948229940874,0.763842856028356,2.354269857191952,2.5112605234246343,0.15699066623268232,11
158697,SNIa,z,i,9.818181818181818,0.017490631886290874,0.10697359091428373,-0.08948295902799298,-1.9049664453609099,2.169231861262532,1.673499454005169,-0.4957324072573628,11
166727,SNIbc,z,i,9.545454545454545,0.252310540789795,0.22074841331588982,0.03156212747390495,5.754710001543693,2.0390903856271985,3.1484281161082546,1.109337730481056,11
170667,SNII,z,i,10.090909090909092,0.0065769805724894045,0.00985096627351095,-0.0032739857010215785,0.15703652559420372,2.966503776651832,2.992855021962104,0.02635124531027211,11
174980,EB,z,i,9.909090909090908,0.5010428082491474,0.6535430746382802,-0.15250026638913303,-409.987716332464,128.4699179825164,126.86422707013206,-1.6056909123843326,11
180994,SNIa,z,i,10.818181818181818,0.06288580957747535,0.10718931984901366,-0.04430351027153831,2.325390811151057,4.232256376481095,4.498598098009639,0.2663417215285442,11
201776,SNII,z,i,11.181818181818182,0.09324834657161328,0.0992849190302783,-0.006036572458664998,1.1768906846993963,2.3780243256885356,2.6137885106231935,0.2357641849346579,11
206940,M-dwarf,z,i,9.818181818181818,0.3164567139165311,0.3380077089190446,-0.021550995002513514,0.6951034784701092,17.905822985059366,17.925222460286243,0.01939947522687646,11
207496,SNII,z,i,10.818181818181818,-0.05523870188165954,0.03284518720434945,-0.08808388908600882,-0.7884665766112953,2.2337279673528805,2.0496521791570235,-0.18407578819585702,11
